all_trips_v2$member_casual,all_trips_v2$day_of_week,all_trips_v2$ride_length
casual,Sunday,3117.4780184430624
member,Sunday,338.7278435802449
casual,Monday,3477.016633875872
member,Monday,237.84841075794625
casual,Tuesday,3202.626179729175
member,Tuesday,174.860518542829
casual,Wednesday,2865.0195058517556
member,Wednesday,122.6165280307132
casual,Thursday,7168.770113334266
member,Thursday,135.22854313731753
casual,Friday,5078.547360539124
member,Friday,248.3189774937483
casual,Saturday,3501.4028056112224
member,Saturday,475.5322909127632
